{
    "loss": 0.9636393785476685,
    "accuracy": 0.48201438784599304
}