{
    "loss": 2.23537540435791,
    "accuracy": 0.5827338099479675
}