{
    "loss": 0.8224521279335022,
    "accuracy": 0.4532374143600464
}